Port,Avg_Size,Total_Bytes,Flow_Diff,Header_Len,No_of_Packet,Class
4451,1352186,10817488,13273203,61,691550,0
59196,2394000,19152000,30341122,19,574255,1
47377,9052744,72421952,5858386,24,996919,2
46346,6616299,52930392,25214222,28,790699,3
21366,2001066,16008528,31196873,48,98139,4
28123,4629222,37033776,72041070,53,475497,5
32440,3918951,31351608,65028528,17,815947,6
49027,9797663,78381304,78727208,7,242787,7
46756,3458205,27665640,72813878,68,904065,8
41799,7938077,63504616,58838625,41,864049,9
16138,6185930,49487440,79465536,6,295194,10
42378,5551691,44413528,63042137,5,558182,0
10886,4629935,37039480,53877621,49,327260,1
42643,6300832,50406656,17125455,28,277868,2
33588,7839359,62714872,1737707,52,114693,3
44349,1029446,8235568,69170309,65,888942,4
47376,6062187,48497496,47075297,69,239192,5
51160,8297377,66379016,991304,65,417625,6
61260,7764984,62119872,47165845,59,27351,7
30603,9670856,77366848,67929269,18,207607,8
32799,3421806,27374448,32564617,22,637968,9
17911,8538917,68311336,5868325,32,769852,10
9044,685157,5481256,47749059,40,500002,0
34915,7553644,60429152,83315678,41,881958,1
59087,3245904,25967232,2765327,60,104795,2
8981,9227210,73817680,44377147,5,761545,3
61561,7164355,57314840,40500987,15,59900,4
7820,3747118,29976944,72399198,6,513211,5
53889,4598291,36786328,1516031,30,262977,6
41723,7823383,62587064,42617717,41,718256,7
4319,3301310,26410480,13882210,25,634959,8
14930,93312,746496,26062352,68,649068,9
25083,9900583,79204664,57013704,65,965522,10
63991,8181967,65455736,35031298,37,221938,0
65426,391630,3133040,25137772,16,625524,1
65236,6712127,53697016,85366494,12,277718,2
11849,8670261,69362088,50380041,52,51605,3
12092,9789550,78316400,34063404,57,186222,4
49694,1735221,13881768,24605120,5,577021,5
47849,6032764,48262112,74076117,4,537508,6
21803,6098661,48789288,1130302,31,591927,7
65413,1954968,15639744,28821939,46,889288,8
36148,5242352,41938816,7561201,20,925585,9
52789,3444879,27559032,9033321,32,38070,10
45349,9623361,76986888,83773993,7,781517,0
59009,9148333,73186664,58931838,15,983990,1
10208,6643094,53144752,32000360,45,995804,2
3743,390350,3122800,47151485,39,428362,3
21081,4148743,33189944,36589001,64,860835,4
64568,5083917,40671336,56907115,7,394113,5
13407,7803542,62428336,77734794,4,861500,6
42012,8504181,68033448,28211334,56,648257,7
24184,2035986,16287888,38091493,28,351581,8
33298,9823063,78584504,43860059,54,870575,9
61821,1630963,13047704,58736764,63,66667,10
20584,6028232,48225856,68951268,22,892605,0
18415,7084648,56677184,20814325,51,719140,1
17608,4914534,39316272,13741546,55,78711,2
62807,9634120,77072960,84632753,28,262753,3
5730,7485573,59884584,65403461,37,239417,4
2358,9968999,79751992,39272414,57,363176,5
11342,2926989,23415912,19909390,56,665750,6
62784,3669850,29358800,28550710,33,266383,7
793,4127847,33022776,28298306,8,765712,8
49793,9119360,72954880,54599996,7,798667,9
9490,6430049,51440392,4802807,50,191363,10
22269,774979,6199832,3561605,19,302561,0
6184,8405431,67243448,72030287,26,528688,1
5223,6272015,50176120,62799253,64,804486,2
24143,5151214,41209712,22650808,65,396525,3
62778,4976083,39808664,49516814,45,902666,4
17351,1313037,10504296,61333974,71,612730,5
39494,2713672,21709376,35388286,7,661225,6
27094,2279938,18239504,31985133,62,230444,7
41590,5850588,46804704,3620532,27,529354,8
36470,7812837,62502696,30998277,34,492095,9
50650,8526976,68215808,4186644,28,657913,10
28268,3979078,31832624,77489546,42,130610,0
8337,5300110,42400880,5362504,65,20098,1
7692,8215198,65721584,45900929,14,169197,2
59087,9757907,78063256,6536912,10,103784,3
52260,3413113,27304904,27317484,22,722738,4
50694,6894050,55152400,21367222,52,520848,5
55223,837887,6703096,16418499,59,577164,6
32349,52202,417616,41878892,54,576017,7
58112,7088161,56705288,28391400,46,731686,8
56357,4766357,38130856,75489836,66,351973,9
35033,5081742,40653936,27282403,47,861911,10
29217,9988943,79911544,20674401,16,419288,0
43890,1716882,13735056,59657867,4,665970,1
42360,9515786,76126288,19718828,60,543612,2
21695,3164492,25315936,71150093,44,879768,3
58832,1080270,8642160,75164621,37,576288,4
35781,9998804,79990432,13776609,71,542839,5
41286,8322221,66577768,34932386,14,611529,6
12977,144855,1158840,39929117,8,992237,7
8722,3079563,24636504,81309424,15,827455,8
51539,3042022,24336176,28992421,61,161020,9
62772,6603146,52825168,20641561,68,489906,10
10991,4105222,32841776,75890200,51,420140,0
20722,1586128,12689024,21660229,69,933531,1
57329,6551087,52408696,45795310,57,277202,2
61009,3229741,25837928,67957319,22,975859,3
9224,7702401,61619208,35935633,7,421991,4
39903,5084433,40675464,26143528,42,154751,5
64633,2274620,18196960,62661316,43,302748,6
14176,1107815,8862520,42406643,67,188805,7
24261,848019,6784152,54741360,38,82000,8
64793,5041148,40329184,17312230,8,654689,9
25091,9594309,76754472,42158320,51,287681,10
4874,554563,4436504,43172870,26,491088,0
25113,8909622,71276976,85084243,31,465949,1
4146,9021959,72175672,1091831,3,995870,2
23596,1851754,14814032,55362455,38,785825,3
44650,3075150,24601200,36628878,38,484142,4
4096,9595496,76763968,52878755,41,935179,5
58583,5174225,41393800,5607809,13,48902,6
32764,1301479,10411832,35358967,33,640773,7
58987,3922551,31380408,30779476,71,432765,8
22106,7833181,62665448,22602143,14,371456,9
22081,5017353,40138824,4764674,25,807090,10
19009,5452546,43620368,82002743,17,326938,0
64829,4411233,35289864,69419239,63,665836,1
60227,9364480,74915840,30485675,44,181205,2
14521,6003111,48024888,80905119,21,36531,3
28521,6999744,55997952,77471125,24,571573,4
27370,963692,7709536,32789950,8,414384,5
29348,3690593,29524744,15067909,34,734472,6
14340,655703,5245624,12746197,41,517929,7
19351,8316656,66533248,72000645,59,375988,8
4019,1458774,11670192,23780150,67,280149,9
41311,3776383,30211064,45197688,67,632308,10
63210,9082329,72658632,6714145,58,322621,0
55899,2389964,19119712,72131102,29,704815,1
20289,6142807,49142456,26478663,3,390404,2
49713,7258721,58069768,37024426,33,589903,3
34621,9931164,79449312,6566415,6,651230,4
7218,1432283,11458264,57028758,19,752801,5
40068,3048432,24387456,6953172,21,523009,6
49608,8738957,69911656,69431470,44,168875,7
36347,9990599,79924792,36511986,7,918442,8
2926,8963865,71710920,6178041,15,794309,9
10780,5045288,40362304,55843266,5,59277,10
47009,216000,1728000,46092202,37,894066,0
12969,1936185,15489480,37342895,22,145817,1
14355,826032,6608256,54284917,14,550026,2
6657,9586307,76690456,13541454,65,634853,3
27826,1585492,12683936,79199628,26,28110,4
18667,956941,7655528,75391450,23,325013,5
56773,566831,4534648,10341475,15,406305,6
8853,1939063,15512504,37543771,62,570954,7
17384,4879286,39034288,997628,7,809968,8
60992,9461352,75690816,10114297,67,343700,9
65049,7983148,63865184,18729405,26,653120,10
59993,9577453,76619624,69928175,49,247975,0
6404,6234328,49874624,51215765,58,409669,1
28734,8463566,67708528,26149798,36,357083,2
42862,8089362,64714896,83154612,29,978468,3
20723,1300094,10400752,8241746,31,304535,4
32208,6546630,52373040,26406047,4,728611,5
47556,4223065,33784520,72023140,12,806006,6
50106,2558715,20469720,71840807,30,586347,7
1992,6143831,49150648,29650243,38,743318,8
55984,9271748,74173984,79233221,41,105737,9
8918,9278905,74231240,9207300,69,274408,10
17268,7589902,60719216,54138959,38,337057,0
10269,5529513,44236104,18160796,6,150410,1
45792,2479578,19836624,41626704,56,882567,2
32147,3891984,31135872,86227744,54,242227,3
51324,1305313,10442504,22914379,15,501561,4
57529,4967331,39738648,58980708,39,771362,5
58816,4291492,34331936,67961957,50,360027,6
63273,4496248,35969984,60606546,26,903462,7
64754,1660286,13282288,5583594,23,582950,8
14486,114295,914360,59393185,60,493374,9
53018,9615744,76925952,72399684,25,252693,10
61017,3404375,27235000,49420723,22,465294,0
60212,171389,1371112,74474050,7,82071,1
61616,1603364,12826912,2179525,35,378394,2
31896,6115440,48923520,50756950,20,416490,3
6950,5683617,45468936,28730902,21,11012,4
30692,6403177,51225416,6627377,22,667729,5
50655,8159037,65272296,19990659,57,756631,6
30856,8126605,65012840,67129039,34,30485,7
39548,481625,3853000,46233947,12,521448,8
7177,6107808,48862464,238185,56,6266,9
13756,745450,5963600,84491418,50,394870,10
38051,7643566,61148528,80916301,37,983347,0
22204,8243670,65949360,71860362,68,377258,1
34274,3666136,29329088,53621058,15,512513,2
34770,3392024,27136192,12395022,48,16462,3
7838,6215978,49727824,59640960,54,301660,4
48387,4243309,33946472,43165476,11,344043,5
41864,1075808,8606464,2788962,17,438670,6
23918,1297128,10377024,77282794,3,905387,7
42085,84925,679400,14689457,12,947835,8
62293,649613,5196904,24340427,64,851444,9
10087,148282,1186256,27467742,6,336596,10
35471,5163061,41304488,21780456,25,18043,0
5803,1931569,15452552,29811942,20,242814,1
34852,8437668,67501344,17140132,28,104602,2
20126,1827177,14617416,84589665,46,424542,3
27904,1171918,9375344,37275035,42,284836,4
23653,5351795,42814360,16550955,70,348046,5
42322,2914816,23318528,29229324,41,884003,6
7080,5827003,46616024,80416193,54,773905,7
4594,6228150,49825200,40212367,31,476799,8
55339,2595213,20761704,71905606,31,164298,9
58764,6161055,49288440,43536446,35,155154,10
19559,281732,2253856,32307856,70,790616,0
15046,5377921,43023368,40623828,61,761948,1
33654,1968651,15749208,54789911,61,144605,2
28734,6016235,48129880,26090693,12,647927,3
13220,4926575,39412600,56243498,26,948109,4
57044,2954726,23637808,43427366,53,792791,5
25748,5399780,43198240,39675231,49,489045,6
39266,3698032,29584256,48867818,15,99868,7
52527,7232615,57860920,66186570,67,671747,8
43363,9134230,73073840,35806267,71,225649,9
56107,8025108,64200864,4670583,36,732142,10
48420,4022254,32178032,80087380,52,282384,0
44837,3063804,24510432,4882892,10,869419,1
53744,5456507,43652056,86085915,64,580325,2
38638,9703768,77630144,56413654,33,955390,3
58088,2539296,20314368,21291510,65,678450,4
25221,5580715,44645720,57504151,71,195074,5
35958,158982,1271856,63017440,50,438505,6
30779,3121209,24969672,15619943,54,710052,7
12934,388865,3110920,55166827,4,944316,8
33195,6680923,53447384,9166081,25,969477,9
43654,3597788,28782304,41710681,52,805720,10
64575,5599350,44794800,3704819,9,620604,0
34475,6363251,50906008,64497226,6,2474,1
46547,334248,2673984,64441626,22,33346,2
33456,2164474,17315792,64222941,55,656262,3
40663,2299181,18393448,83855840,48,375357,4
49346,9207248,73657984,12774857,62,453767,5
35714,7076548,56612384,11254278,24,2186,6
47161,5820040,46560320,60766614,65,136120,7
20956,6742796,53942368,81871730,9,15462,8
53863,2396545,19172360,49697110,41,947926,9
31935,7330098,58640784,9447342,51,897373,10
60188,5587528,44700224,60305008,17,473749,0
45430,2930755,23446040,38667793,3,649227,1
24939,1322791,10582328,37871106,61,328332,2
9425,3357212,26857696,26671776,58,400836,3
15433,4135110,33080880,26915233,18,96600,4
8587,7173136,57385088,40826910,71,416316,5
10294,6651288,53210304,58121351,58,281488,6
6452,3505762,28046096,76130755,54,151943,7
19917,8651157,69209256,46392180,39,120630,8
62922,9526916,76215328,19279021,39,638602,9
18620,4513464,36107712,27291591,3,814331,10
62421,492412,3939296,45988030,9,518759,0
10725,1656119,13248952,60887434,13,600853,1
27370,5955479,47643832,12024572,56,535601,2
38587,6632441,53059528,20187028,34,33903,3
7031,8606965,68855720,28961566,68,514731,4
8251,4217927,33743416,11029801,6,445479,5
50086,5397699,43181592,60856140,56,728228,6
45194,1270584,10164672,9302035,11,229933,7
22269,3666750,29334000,43585647,11,400428,8
3941,6938988,55511904,47150162,67,223807,9
53960,3249841,25998728,70348528,30,69057,10
52078,7380612,59044896,72404907,34,388798,0
34583,4771870,38174960,10704394,70,636369,1
54769,6716687,53733496,21024535,26,895098,2
12265,6956351,55650808,52763137,29,117462,3
39901,561562,4492496,5857213,67,984721,4
12997,6615515,52924120,43752781,58,276871,5
22545,6528309,52226472,46859014,71,455110,6
11603,7912914,63303312,19144224,55,653322,7
31465,419999,3359992,78370861,50,870370,8
22866,4977205,39817640,71945296,70,815866,9
49010,5343684,42749472,60295680,57,372672,10
6364,1352017,10816136,86106719,31,497547,0
42844,2490832,19926656,36344033,38,633585,1
62141,2042261,16338088,26864858,25,427113,2
38450,2642012,21136096,70365306,48,963755,3
57321,9906086,79248688,61141936,50,768165,4
25101,7595442,60763536,19829364,47,147710,5
44525,4086404,32691232,1101043,7,753811,6
37065,6844962,54759696,58445142,17,320974,7
57200,1576803,12614424,34480632,37,836320,8
51504,4213511,33708088,28995868,38,818097,9
57069,3461483,27691864,41925805,18,75730,10
63475,5694632,45557056,80589226,28,381016,0
31925,7161064,57288512,52785607,26,704178,1
24822,9388575,75108600,58349667,53,964739,2
49821,7898139,63185112,20859047,54,874468,3
53755,2094273,16754184,10490007,41,283834,4
23980,9369201,74953608,37146896,70,787537,5
26394,7196001,57568008,34282839,25,835699,6
9797,6900715,55205720,9514274,69,254336,7
28116,6623620,52988960,85161404,42,123220,8
30208,2156435,17251480,46739748,22,424252,9
61274,1598869,12790952,3519290,20,6990,10
65225,6481386,51851088,22376888,39,147632,0
6772,1924699,15397592,54745712,62,969029,1
14164,62427,499416,6988121,25,945470,2
42138,2431919,19455352,70686532,39,716381,3
5805,9965718,79725744,46473560,34,667506,4
22241,716665,5733320,75383728,69,253724,5
34671,1655161,13241288,29453555,54,238173,6
61728,9849536,78796288,76280801,42,530006,7
5061,9480414,75843312,74592677,12,209543,8
58347,9717081,77736648,67442087,41,37538,9
53833,8353436,66827488,6121589,33,136536,10
35718,9563845,76510760,47454438,21,413813,0
38976,5281423,42251384,30869906,26,447772,1
24202,4316042,34528336,75215732,62,96476,2
5893,5191123,41528984,57494775,70,745526,3
4212,8993909,71951272,66381067,17,134455,4
35118,8338630,66709040,33606046,23,602567,5
56173,7764748,62117984,70484655,53,736561,6
42875,3657322,29258576,9536271,25,51848,7
50919,8027676,64221408,29286454,13,49222,8
33347,6663870,53310960,9358426,56,117458,9
24507,7416626,59333008,83829427,30,878623,10
3727,4540101,36320808,22335067,54,114271,0
45716,6464395,51715160,84679882,29,494880,1
39231,1672368,13378944,7469242,58,873850,2
44706,4173283,33386264,74102156,14,489963,3
14279,8626614,69012912,61871864,45,220198,4
5411,9766475,78131800,56438792,62,768420,5
64009,1734890,13879120,69626530,12,20745,6
14935,2142157,17137256,5803607,61,198388,7
38510,5472416,43779328,6871327,67,659065,8
47902,1407692,11261536,82233311,15,50013,9
13708,5149908,41199264,22676932,30,893774,10
49723,7336573,58692584,74260618,63,789633,0
21826,4122075,32976600,6124549,29,408489,1
65205,9231332,73850656,44750800,7,567233,2
30768,1566227,12529816,33358286,33,732476,3
65185,9882999,79063992,28058728,62,563347,4
18725,4925327,39402616,8713654,6,953372,5
19054,6317571,50540568,52091467,14,404069,6
22519,9215123,73720984,85326828,41,504349,7
51400,6185776,49486208,6736487,20,252791,8
41970,4752278,38018224,11419440,7,889264,9
55785,8147814,65182512,78772878,46,231603,10
10202,7954250,63634000,81357589,60,372705,0
49115,5174198,41393584,52090779,34,957391,1
9026,1034052,8272416,5290809,52,155075,2
53115,3590509,28724072,49141977,65,75059,3
19625,2787180,22297440,57945453,61,199853,4
3992,1001090,8008720,68748335,51,762750,5
49988,7377396,59019168,17833912,41,942831,6
32311,7399587,59196696,61434795,50,834681,7
43712,2425920,19407360,80986807,11,80741,8
18672,9029762,72238096,37271644,48,476794,9
52480,7512821,60102568,47182170,71,442886,10
34083,845355,6762840,34361396,29,368699,0
47217,5427715,43421720,79947331,64,198034,1
6659,3565235,28521880,83198286,70,895857,2
10721,8469196,67753568,83521901,57,786215,3
55772,9397066,75176528,52416515,28,797051,4
46980,5855804,46846432,12111314,60,465743,5
44110,3092587,24740696,73111461,40,939511,6
58354,8473712,67789696,73167853,11,430739,7
22291,9669166,77353328,74113917,47,509658,8
32724,4631933,37055464,77897341,14,485213,9
4358,7650962,61207696,86283366,63,240714,10
37853,8911851,71294808,81697943,59,21427,0
14931,8297287,66378296,54514556,62,528366,1
16106,8589454,68715632,76203907,39,50267,2
54464,9021520,72172160,79320191,33,218022,3
31376,7392423,59139384,38167726,51,639407,4
7078,6046082,48368656,74408079,48,144974,5
24061,2968250,23746000,83975083,21,993126,6
2356,9744794,77958352,36891578,26,134954,7
13931,4282349,34258792,64442607,26,736766,8
7478,2327189,18617512,39875726,4,309349,9
46850,6278354,50226832,76702488,47,39964,10
151,8749327,69994616,41886577,47,519009,0
42655,6234019,49872152,21287794,61,414508,1
28989,6438028,51504224,27359925,51,664325,2
2500,6144369,49154952,1664984,61,518713,3
53884,7865482,62923856,26046518,42,394441,4
10065,3006056,24048448,6190587,41,383939,5
43874,9751183,78009464,4534556,63,417230,6
14518,6067120,48536960,29969249,16,906926,7
52535,6656461,53251688,54062937,11,461495,8
40870,3073430,24587440,84323824,4,644233,9
14196,5229251,41834008,39227498,36,739907,10
43549,5162318,41298544,61946659,24,53158,0
30976,7361202,58889616,78005389,57,194972,1
55513,3469494,27755952,23978963,61,125696,2
64424,1010393,8083144,44100737,66,270084,3
30482,3112059,24896472,80860980,34,138728,4
61365,3563316,28506528,18884683,23,568469,5
36200,473518,3788144,41448246,69,602606,6
53442,4019923,32159384,52765124,8,317168,7
44086,8364609,66916872,19305137,63,790618,8
39382,4142944,33143552,34401259,71,726020,9
18792,8046383,64371064,16638308,10,966484,10
62379,9956012,79648096,35130105,67,4965,0
55097,2486979,19895832,47996588,69,374216,1
50450,4166374,33330992,64511875,48,306522,2
12121,275095,2200760,65671861,17,730326,3
34112,8001716,64013728,72390365,55,766657,4
5535,852442,6819536,61531080,7,300481,5
47695,8448428,67587424,52774787,67,309331,6
49162,8443667,67549336,55713800,4,306267,7
20995,9410980,75287840,52790827,18,7794,8
722,9864798,78918384,81284561,37,433258,9
40212,7465133,59721064,27752156,39,761968,10
45358,3038602,24308816,50814610,40,509342,0
5603,3865625,30925000,59758415,54,691670,1
40452,2021982,16175856,56253725,67,831636,2
45100,787957,6303656,31160330,33,903516,3
23252,6799543,54396344,24286848,57,283838,4
23945,1618873,12950984,1067426,54,540154,5
9666,6909518,55276144,64696152,24,475579,6
30713,4109947,32879576,61659603,46,832810,7
44657,4349540,34796320,53572919,17,447425,8
64899,6201125,49609000,50353012,39,184912,9
41247,8768490,70147920,68786009,45,854425,10
1603,8698774,69590192,23674591,39,886481,0
53427,1117727,8941816,59114278,13,276518,1
25031,5234191,41873528,3304558,66,314630,2
8246,1237202,9897616,85064856,44,476183,3
52241,7350291,58802328,48994667,11,830845,4
2973,2557563,20460504,23917807,65,534493,5
34335,7187981,57503848,21751175,13,758544,6
24370,3496311,27970488,1877736,57,640752,7
12577,1294499,10355992,14075332,50,977765,8
58667,832059,6656472,32132564,64,976644,9
34694,1517907,12143256,38727216,34,899240,10
35536,5301608,42412864,53174802,30,700758,0
13943,6800452,54403616,58089683,32,281306,1
26150,5933839,47470712,78577830,60,918755,2
21132,5232286,41858288,75731403,61,324544,3
46500,6517355,52138840,39074205,49,404544,4
48355,9685110,77480880,38923581,54,87256,5
6848,3170980,25367840,53307513,13,480774,6
38949,9342340,74738720,76682140,40,635956,7
44709,4697582,37580656,71887505,64,256726,8
47165,2792798,22342384,84606609,69,118903,9
41582,9482188,75857504,21153750,55,439717,10
25407,7173823,57390584,26326570,48,668298,0
39483,6339900,50719200,36439548,8,170830,1
25542,1281581,10252648,62630772,12,811620,2
22238,6199556,49596448,5827364,27,55849,3
46970,4795974,38367792,27166558,52,567957,4
57781,140263,1122104,48450416,4,661776,5
10935,4715825,37726600,11637099,45,231505,6
37271,6899849,55198792,82371731,39,54231,7
63695,699032,5592256,23254229,12,817053,8
11487,4474891,35799128,71218390,62,262913,9
48740,3012791,24102328,12659272,48,820471,10
42527,961255,7690040,71761401,7,116438,0
3743,2202299,17618392,15950292,44,369964,1
58169,9516344,76130752,17269881,64,894176,2
35449,8929975,71439800,4193457,21,736607,3
24466,5396831,43174648,72728617,39,124256,4
53452,5055292,40442336,54337466,42,528929,5
12631,4194766,33558128,79408162,71,387222,6
25914,7093562,56748496,53507881,49,586125,7
27779,5091133,40729064,30420948,49,760384,8
56632,7589945,60719560,8091336,39,801452,9
59356,7553725,60429800,43716374,50,16065,10
26465,5665265,45322120,67789023,52,232236,0
50578,7453170,59625360,42427686,52,405125,1
61468,4286345,34290760,23299547,71,795440,2
25621,2435096,19480768,41286752,7,697917,3
19094,6256508,50052064,80205892,41,879896,4
23342,3800484,30403872,2551970,32,990344,5
17068,9682522,77460176,61455901,25,175677,6
40480,9710352,77682816,13947204,23,353262,7
63799,7682222,61457776,32157145,69,638347,8
31722,4689399,37515192,62791317,58,429719,9
1913,487339,3898712,61003862,15,858704,10
41857,4254676,34037408,71176615,15,94801,0
52996,5039516,40316128,47095516,48,113366,1
35777,228023,1824184,45424514,60,576556,2
44654,2722494,21779952,35459600,40,290083,3
49388,9805091,78440728,73381006,43,643877,4
61398,5330429,42643432,1648478,57,941597,5
34749,3250461,26003688,83714509,25,803202,6
56081,8368198,66945584,80444064,8,707520,7
11550,3128603,25028824,36335833,23,780956,8
20374,2994184,23953472,29904146,55,845281,9
33416,5221121,41768968,3451776,37,744490,10
58386,4737544,37900352,27674936,67,385134,0
50189,5969140,47753120,16036578,3,168785,1
49872,1060040,8480320,33338612,64,198731,2
26280,8792417,70339336,8528031,45,607900,3
63358,5727842,45822736,34802263,32,531879,4
29129,2442220,19537760,27554671,68,251045,5
9656,7946190,63569520,38189376,17,406566,6
4241,1108667,8869336,57093135,47,356257,7
29875,2234,17872,35934645,58,319786,8
43183,397540,3180320,83712623,43,94320,9
34249,4604456,36835648,42140436,14,733812,10
62472,5804418,46435344,54776964,65,936624,0
28389,2676849,21414792,58284208,60,766573,1
32166,9342617,74740936,41592623,23,387099,2
57359,4280948,34247584,82989722,17,914716,3
53879,5852010,46816080,54713478,53,346684,4
25744,8059357,64474856,7351470,36,897289,5
64041,5172913,41383304,5219552,39,350552,6
9275,3324485,26595880,60227718,19,774683,7
60617,7365999,58927992,28518046,60,582935,8
6907,5971136,47769088,24664760,62,688997,9
44796,121387,971096,39141456,43,459472,10
9283,1052726,8421808,7119785,9,834167,0
33449,3558788,28470304,39724942,26,937055,1
10977,1828182,14625456,78779269,57,902407,2
8548,8214795,65718360,55785324,49,435383,3
13260,7694456,61555648,77806657,25,104664,4
1580,6047076,48376608,1744052,41,172173,5
61884,5558525,44468200,70743359,28,913238,6
58656,4175192,33401536,69673692,39,844745,7
8403,7495789,59966312,55590777,31,914250,8
6213,2262136,18097088,43447097,16,449556,9
8066,6247766,49982128,67462349,9,514230,10
4481,7101450,56811600,35361688,59,253374,0
60632,7749731,61997848,33130327,5,989133,1
60205,7607151,60857208,48882057,47,225801,2
51528,2679935,21439480,73039745,55,903876,3
25239,3328755,26630040,24682760,62,723947,4
18134,9917836,79342688,70572067,25,922717,5
47696,2597658,20781264,225039,31,142754,6
51119,5333035,42664280,72492892,26,361278,7
56531,404996,3239968,52168751,23,156082,8
51250,3126088,25008704,51836730,34,359756,9
29338,1140546,9124368,12006770,16,457601,10
49722,2073932,16591456,60093838,45,902835,0
12993,5422170,43377360,28301124,20,502349,1
65222,4671813,37374504,30352788,9,314233,2
27282,4453067,35624536,50120397,59,533553,3
43835,2911975,23295800,11777298,22,862294,4
24968,3487219,27897752,14121239,62,425704,5
11597,1709244,13673952,5417777,34,127494,6
25961,9208152,73665216,31067253,58,82371,7
32567,7099090,56792720,84355338,45,668620,8
13763,1637393,13099144,85722275,58,835293,9
12818,8217252,65738016,2549015,68,963499,10
42990,6889313,55114504,7967628,68,667065,0
60499,5147927,41183416,38777070,45,55140,1
6314,6366560,50932480,56980184,68,303353,2
36451,8659725,69277800,6720824,66,580953,3
54013,7722242,61777936,83537010,66,62395,4
36536,3401936,27215488,47679934,17,751457,5
5167,4001754,32014032,68958596,15,168123,6
52550,6122697,48981576,26233638,65,50461,7
55398,7741886,61935088,46818442,30,830980,8
48732,8049261,64394088,59091028,39,183055,9
45446,3783509,30268072,51023451,26,10453,10
38996,4450588,35604704,40730628,68,804499,0
41199,5526063,44208504,82924663,28,253399,1
9566,8701041,69608328,33376774,17,419502,2
57783,7732791,61862328,21362902,11,917532,3
55540,8119703,64957624,18367940,8,313223,4
61181,3591822,28734576,41697007,43,951435,5
38217,2094699,16757592,22802849,70,893363,6
57949,9755851,78046808,34019853,53,630521,7
49192,7060341,56482728,59931778,50,420142,8
32401,28395,227160,70074,62,907999,9
2546,7458914,59671312,45028069,35,459274,10
57168,5741812,45934496,61768851,54,866803,0
40328,6580355,52642840,65278440,46,652427,1
22978,3165771,25326168,609050,11,730730,2
20470,2498509,19988072,62309533,57,581815,3
61820,3156886,25255088,75810366,62,104031,4
59529,1505248,12041984,7364339,58,93964,5
33995,404354,3234832,54753203,58,875038,6
1002,5147359,41178872,77972658,47,103861,7
24989,6587288,52698304,1986492,17,895288,8
44082,9107228,72857824,16994174,17,993838,9
29140,6591513,52732104,75068502,15,24352,10
33517,8104933,64839464,1446596,8,166203,0
9150,8395652,67165216,85689054,5,20810,1
11281,8231286,65850288,73486098,41,446079,2
48452,9079514,72636112,82033869,38,628977,3
3151,6612157,52897256,17854447,68,472882,4
28982,4816096,38528768,51781746,12,400550,5
43541,8208233,65665864,25624138,49,578795,6
36479,310888,2487104,33291562,53,321516,7
18772,3795139,30361112,75753322,36,765199,8
2230,506404,4051232,83245204,19,599148,9
62420,7479514,59836112,211926,47,318748,10
32259,6012716,48101728,49535818,26,446766,0
24862,4390075,35120600,75855604,7,558348,1
37242,7820325,62562600,63070709,28,650730,2
29217,5273056,42184448,69246170,11,988723,3
39736,1778474,14227792,65295878,27,326685,4
38098,2081970,16655760,10724773,3,844626,5
39779,5542168,44337344,6058083,18,324507,6
4864,5867749,46941992,54832573,50,979169,7
26428,5745025,45960200,25800009,4,987201,8
10439,2404761,19238088,83861022,69,183125,9
63123,8141388,65131104,50362176,25,229737,10
10036,7874363,62994904,50029692,59,212777,0
17403,8809176,70473408,80473339,64,621601,1
17977,6871106,54968848,83090131,46,864726,2
65092,6656791,53254328,61209855,9,869011,3
65325,2753298,22026384,47273959,32,683126,4
35063,9625434,77003472,45224698,30,403697,5
13276,9259654,74077232,32595477,36,424347,6
25691,593282,4746256,37833892,14,641275,7
51134,915564,7324512,31313955,57,262468,8
27061,5848607,46788856,69437136,36,149890,9
60259,7102718,56821744,3021035,51,477210,10
46857,9554008,76432064,16219939,48,6223,0
62398,7017515,56140120,36066316,30,935681,1
26761,3862954,30903632,41329312,55,661960,2
32631,9813648,78509184,53578515,53,192009,3
62138,2613950,20911600,1357958,64,118472,4
54551,4618447,36947576,81421808,6,714863,5
54587,6750843,54006744,84269192,47,677787,6
16690,1860509,14884072,42813711,21,196151,7
24423,1265666,10125328,17659941,4,704961,8
3008,883809,7070472,85037065,20,601825,9
37814,5176306,41410448,63616663,50,487631,10
32450,7529795,60238360,79707159,41,176183,0
54386,2289905,18319240,40927334,38,124455,1
60302,399883,3199064,74903154,34,456744,2
116,3486687,27893496,14640481,47,680641,3
49276,6515655,52125240,85766035,27,332011,4
22759,4247033,33976264,42626263,24,550254,5
24594,1753643,14029144,4081110,57,343325,6
62788,477009,3816072,32034040,44,83101,7
62318,8824743,70597944,62601199,38,160836,8
62332,7996047,63968376,78365156,31,788630,9
45065,7680201,61441608,33104733,62,179716,10
30379,131161,1049288,2944563,63,548884,0
38589,8212037,65696296,23703132,45,866843,1
58758,4350771,34806168,75944056,59,50521,2
1592,106871,854968,64076991,19,402478,3
11958,1922421,15379368,86315590,28,138407,4
3403,9084031,72672248,6619102,62,528674,5
20948,6163772,49310176,65777909,34,860643,6
50460,4956898,39655184,66073208,36,49141,7
10847,710173,5681384,82317638,64,22424,8
50407,1745841,13966728,41331099,15,690579,9
62878,434812,3478496,67331304,20,671104,10
29553,7670549,61364392,59472317,64,195419,0
40476,4605732,36845856,50876731,51,65701,1
31785,4224123,33792984,55140343,61,769861,2
54112,9267437,74139496,58597587,54,66205,3
51329,5510885,44087080,56330500,42,389796,4
45139,7719555,61756440,41025456,33,201521,5
62682,8940683,71525464,11989229,31,545593,6
58067,1604874,12838992,30268720,60,101504,7
7780,4716564,37732512,64725997,37,43457,8
25525,9383026,75064208,47827965,27,406982,9
63472,8632527,69060216,5918707,14,816882,10
853,5282235,42257880,10654461,14,469114,0
6854,5181031,41448248,14610215,39,466117,1
27459,4747799,37982392,64471863,46,726091,2
15117,7393876,59151008,47043276,50,668332,3
21956,3629361,29034888,38769392,45,721764,4
6494,7727643,61821144,59472951,27,986998,5
2953,8237871,65902968,50669550,4,887052,6
37520,8551482,68411856,7469999,67,713405,7
41559,6654966,53239728,83061640,44,795744,8
30259,4815123,38520984,81390673,66,829539,9
55699,4151600,33212800,61060688,49,464982,10
41383,9923375,79387000,66111028,10,333829,0
242,8814267,70514136,73373666,40,591737,1
38859,8739378,69915024,79744351,40,920944,2
28288,1135041,9080328,79776346,54,776342,3
18405,1540709,12325672,80591898,61,686852,4
45019,6457045,51656360,19956773,66,401459,5
38071,4133900,33071200,22843434,55,740271,6
52097,5265598,42124784,72154956,23,748320,7
1897,280911,2247288,67605603,49,361961,8
59829,6182890,49463120,6897844,4,535394,9
35911,4392743,35141944,74276273,36,471453,10
64276,6838688,54709504,28246541,52,753722,0
25712,3978138,31825104,22405747,46,27258,1
60498,9421687,75373496,6211284,17,722682,2
38841,9365341,74922728,70721262,37,689279,3
18889,3009963,24079704,4989763,61,511662,4
7349,8172590,65380720,20822497,17,71198,5
44580,7799299,62394392,55710604,57,436457,6
55850,9224757,73798056,30615708,46,949695,7
58270,1734318,13874544,11689338,17,950538,8
41265,6849912,54799296,70834082,32,931456,9
47005,534742,4277936,7343112,58,431524,10
54794,4355801,34846408,82322236,37,355488,0
2705,8807014,70456112,33356664,33,181855,1
33870,1803322,14426576,69806825,37,907382,2
19534,8520323,68162584,76558824,8,809056,3
63115,7893067,63144536,10175814,52,60285,4
32660,8502194,68017552,20995329,60,930865,5
34186,7057492,56459936,70405194,52,968384,6
37464,6377381,51019048,48292797,39,514431,7
60943,8462422,67699376,69718475,32,503566,8
40666,7272249,58177992,50625472,9,33959,9
39660,5528947,44231576,85845534,51,506760,10
10586,6635802,53086416,85009236,68,719563,0
29730,678864,5430912,33894712,24,861842,1
36583,6459027,51672216,5556267,61,810368,2
43452,31338,250704,7673556,30,427711,3
31261,5848812,46790496,6101756,25,266671,4
32319,4188044,33504352,20195973,64,714291,5
39969,1238222,9905776,9867474,42,371891,6
59474,9803370,78426960,55051304,27,582685,7
29949,4663222,37305776,82642650,4,217967,8
47004,8457537,67660296,29567935,5,562469,9
48533,8455014,67640112,10529019,71,290603,10
52290,5702241,45617928,60996465,41,433996,0
47234,9811067,78488536,67873038,32,155900,1
19806,683606,5468848,24359459,9,82524,2
14923,6043096,48344768,53946272,35,229354,3
47817,6472044,51776352,44687003,60,631614,4
49448,997130,7977040,1887209,63,927104,5
5769,1891985,15135880,23547833,69,399588,6
34593,6603511,52828088,60011553,50,698531,7
33465,1333584,10668672,42982772,29,462061,8
4284,6902795,55222360,30506412,67,3498,9
23929,2210933,17687464,24793398,24,493839,10
49295,3189764,25518112,25691641,62,884058,0
46819,124671,997368,75094479,12,16131,1
5912,6183688,49469504,28820338,10,470619,2
19295,5306613,42452904,85522340,35,666362,3
25320,6200584,49604672,50169370,57,445289,4
23175,7060435,56483480,32056610,56,516124,5
13066,709491,5675928,1506150,44,937982,6
39656,4612551,36900408,25063388,30,213458,7
10480,5614093,44912744,19714151,32,552107,8
37499,1052472,8419776,84576555,40,786354,9
4130,5526875,44215000,86104661,4,849697,10
33892,5702988,45623904,1828812,28,785772,0
65055,5790494,46323952,72613082,71,465204,1
4530,7792346,62338768,49078684,28,228269,2
37961,1611546,12892368,60642564,19,344625,3
5187,6109306,48874448,81397445,67,849977,4
16276,4848343,38786744,1694320,61,458796,5
54330,2672579,21380632,3080342,57,794804,6
57647,2669053,21352424,24302744,59,352543,7
37458,7948585,63588680,67661918,51,479160,8
40354,456308,3650464,71608285,54,177604,9
48862,2161413,17291304,54205461,19,965823,10
41351,9568250,76546000,29215227,24,290574,0
36329,7329407,58635256,1363340,14,53316,1
19842,3972941,31783528,31322761,41,968269,2
32366,2947010,23576080,27635065,40,110208,3
25306,6627787,53022296,9883819,35,875464,4
38316,5993072,47944576,30354980,70,859718,5
31395,2274333,18194664,34228364,6,339668,6
27605,1162193,9297544,49387394,33,150050,7
16362,6957844,55662752,45040865,6,335940,8
26285,3072362,24578896,40483180,11,808517,9
33247,5993890,47951120,52154397,16,32815,10
58197,7774090,62192720,2827079,54,875119,0
23207,9940941,79527528,3150176,45,310803,1
63689,67342,538736,43273065,52,748061,2
26777,469188,3753504,16224094,37,948661,3
11367,8908936,71271488,63821740,62,469871,4
19310,1753860,14030880,49781606,65,747758,5
33068,4650291,37202328,66122368,44,68662,6
13470,9962479,79699832,6210686,54,792888,7
12651,5072548,40580384,50661745,67,782385,8
58879,8451780,67614240,72653667,53,232697,9
20034,8428602,67428816,39542544,20,270591,10
20347,3089213,24713704,75225926,48,907537,0
57768,4643715,37149720,10675172,32,201748,1
19545,9727356,77818848,14565296,32,790445,2
55857,8509679,68077432,66381223,33,819160,3
39146,9981961,79855688,77072531,19,849290,4
12189,171355,1370840,3879118,37,427708,5
51329,811534,6492272,40034808,10,922153,6
14079,8900277,71202216,40567067,26,711132,7
449,3679390,29435120,957058,62,867023,8
55659,8443882,67551056,55977588,15,296903,9
14782,7845163,62761304,36196628,41,813587,10
4147,2525884,20207072,62501658,53,205567,0
56248,3509967,28079736,1735412,54,636010,1
6160,3424891,27399128,23336682,59,957769,2
63665,828334,6626672,38355668,49,795784,3
59158,1505292,12042336,53640232,23,150053,4
53152,3148393,25187144,52513741,20,168223,5
29770,5014789,40118312,9810891,29,973683,6
23692,2276210,18209680,24000405,64,757539,7
36102,928773,7430184,50099598,38,469132,8
46389,2456062,19648496,15015875,7,695501,9
14411,7871088,62968704,38401166,27,303292,10
41056,7423461,59387688,60369957,50,273122,0
49652,7227224,57817792,24606151,35,54856,1
50129,5283942,42271536,11132652,45,753113,2
31707,9417067,75336536,7599455,38,106335,3
35378,5482417,43859336,19363083,51,329547,4
38149,6614790,52918320,16317927,67,500075,5
47805,1846082,14768656,32123618,35,227485,6
38856,6647566,53180528,4373169,55,512316,7
19099,7300905,58407240,12313837,42,597185,8
41661,2160,17280,29815075,47,307992,9
3491,7454256,59634048,38191474,22,973282,10
35911,8976733,71813864,4704918,68,952309,0
18783,2895329,23162632,15599428,8,920840,1
45449,5243434,41947472,42885307,58,762556,2
11102,2064313,16514504,70582012,46,458218,3
56286,3496931,27975448,35461604,64,762630,4
51419,7866096,62928768,22735214,44,583783,5
3533,3232857,25862856,71960874,49,586930,6
58004,2418572,19348576,19600837,25,463314,7
26035,9891596,79132768,8907276,11,925833,8
33733,6122315,48978520,37707402,32,550770,9
43781,8782762,70262096,50648346,12,9018,10
33871,6231686,49853488,54593157,23,825644,0
3070,4289415,34315320,26059476,58,618608,1
15306,4568460,36547680,32354745,32,913527,2
1998,5120411,40963288,27723045,23,643709,3
25820,5230200,41841600,52766591,6,832633,4
28078,4240176,33921408,23016226,47,183813,5
29445,4211682,33693456,49216804,10,790837,6
23926,6029949,48239592,77798526,36,566139,7
32904,9500246,76001968,53053050,71,697969,8
48194,5307610,42460880,6019337,46,66063,9
18142,3173412,25387296,25696668,53,928788,10
65082,3580650,28645200,83287069,40,978974,0
34693,7438583,59508664,13508110,68,973152,1
35590,8564837,68518696,76204923,54,416614,2
3667,5350022,42800176,70233786,18,155762,3
16517,4859538,38876304,41663587,21,265457,4
52348,8448219,67585752,28640449,50,192814,5
65159,505640,4045120,32091900,18,283424,6
27137,6962768,55702144,20723274,58,284446,7
4191,7513233,60105864,39365923,22,644638,8
952,9341593,74732744,37511877,14,598678,9
60711,5349173,42793384,17659954,33,333693,10
46807,6177358,49418864,81582353,29,34819,0
54280,6603785,52830280,51658928,45,176112,1
48789,4089846,32718768,83057406,37,584754,2
7667,8797701,70381608,61815878,60,49474,3
43771,5090629,40725032,17191798,6,305340,4
15016,8440657,67525256,58373163,58,87067,5
55516,4728079,37824632,10782356,28,443973,6
52975,5299300,42394400,53448605,62,599642,7
28806,8254375,66035000,61291033,29,353795,8
37726,8858796,70870368,57868406,27,164907,9
58807,186942,1495536,37973851,32,476203,10
21677,1135265,9082120,10517305,47,619075,0
37846,6310750,50486000,1864849,23,114779,1
528,1156313,9250504,14132654,22,66263,2
8916,4617594,36940752,75238214,56,532811,3
51828,50995,407960,31109961,19,975589,4
10216,2579169,20633352,17480367,63,204243,5
56089,1480927,11847416,35257789,33,767010,6
10388,6112569,48900552,14195380,8,931999,7
21110,168701,1349608,77006359,37,559267,8
50991,727793,5822344,25694008,47,984585,9
60685,8220556,65764448,72952936,31,79436,10
27768,6248015,49984120,66177130,28,130965,0
18012,4883472,39067776,59412363,20,473297,1
40062,6751665,54013320,57986770,10,609477,2
25506,1204316,9634528,71296274,33,880718,3
6685,9349487,74795896,24009941,44,377525,4
20724,2811572,22492576,25998412,53,465310,5
19509,7710895,61687160,231174,61,437213,6
34465,305670,2445360,20321086,8,61091,7
41973,6871719,54973752,21131219,46,362871,8
11713,1451287,11610296,42884994,57,609507,9
1389,9127250,73018000,56960295,65,191919,10
14498,5721514,45772112,46921918,50,385130,0
28551,5648897,45191176,47297138,3,54780,1
25479,2098645,16789160,30360817,7,589629,2
20516,4683702,37469616,9061892,33,580244,3
63486,5729917,45839336,31349789,65,999589,4
22633,427219,3417752,16245145,15,36710,5
10243,4491644,35933152,72958611,18,943192,6
15172,9382219,75057752,60709989,9,117134,7
54870,2809336,22474688,68333584,42,180122,8
19320,5466011,43728088,64665296,11,252617,9
62598,5644185,45153480,24500524,55,586909,10
19940,2190296,17522368,84215303,16,343130,0
24937,9535100,76280800,39235811,55,927960,1
37940,3988545,31908360,2027681,20,745696,2
27521,3088135,24705080,74356293,38,129725,3
22137,3519743,28157944,61513134,21,821281,4
32045,2599435,20795480,21265947,5,627519,5
3914,6918705,55349640,15336334,46,98014,6
40534,2154254,17234032,20433748,20,997960,7
47042,1845657,14765256,4786707,34,768057,8
35620,5369274,42954192,64057096,9,46946,9
63845,8576828,68614624,24685188,59,211341,10
59170,1500581,12004648,6528805,45,400244,0
26051,2459495,19675960,35719921,53,561107,1
2777,4524070,36192560,71432390,65,71604,2
27543,9164005,73312040,72435332,22,69421,3
44717,3467215,27737720,38040125,70,272089,4
16844,2081534,16652272,31650356,59,214103,5
30624,5513942,44111536,31432336,14,402922,6
11593,5899218,47193744,27662675,49,742387,7
5976,8404612,67236896,51383738,20,971311,8
50372,6887035,55096280,27253612,39,620380,9
27097,1012715,8101720,49088050,64,106469,10
19592,8202781,65622248,61704951,7,809272,0
23877,6824084,54592672,66923953,30,247270,1
11902,7302309,58418472,25864659,50,770290,2
63459,3530316,28242528,44293261,47,703124,3
40437,3564697,28517576,68107018,37,371414,4
63599,9560740,76485920,39502746,67,757577,5
3953,693733,5549864,57161039,31,938089,6
17321,7151054,57208432,6762599,14,819392,7
49600,3854799,30838392,36322456,66,960948,8
4635,6633069,53064552,72091363,29,340498,9
576,5287020,42296160,62822277,21,121845,10
1337,5029496,40235968,63000880,40,361158,0
42149,2740798,21926384,66255742,11,970636,1
45457,2723759,21790072,75639403,43,851361,2
41460,7800849,62406792,14706417,30,507965,3
61107,7025713,56205704,85659379,46,128051,4
61465,1869854,14958832,43333620,15,169674,5
51721,5734734,45877872,54317775,11,465077,6
24388,6766314,54130512,32723472,14,201602,7
20691,4162227,33297816,65243037,69,951244,8
15027,4310540,34484320,7669296,46,407954,9
1439,9668299,77346392,86034569,52,342750,10
57340,5955285,47642280,3413454,55,376161,0
23306,5104473,40835784,57429278,29,911854,1
32492,2731663,21853304,64678207,23,898493,2
19249,547010,4376080,59378782,11,879824,3
9944,8135044,65080352,50908739,69,135088,4
27162,3611924,28895392,85120904,15,566419,5
12681,8149454,65195632,71522267,48,679158,6
47161,5295671,42365368,22501552,49,947083,7
9743,8174132,65393056,4596112,45,508573,8
8602,8288997,66311976,29256474,11,611207,9
9273,9238303,73906424,60348096,59,554030,10
61956,4797326,38378608,70166667,6,865747,0
63443,902288,7218304,18215398,51,296017,1
13473,8188742,65509936,28908785,42,749336,2
43349,8243661,65949288,64441771,39,133875,3
6909,1865223,14921784,30424359,12,572976,4
44684,3978640,31829120,60011360,31,140204,5
54609,4218659,33749272,20739420,40,455793,6
62650,7782557,62260456,40958979,57,71212,7
25232,1549255,12394040,29860185,40,579064,8
19145,5337350,42698800,16823309,11,106445,9
24274,7437122,59496976,40571957,21,960883,10
2767,1969432,15755456,6739942,57,303829,0
10446,1238659,9909272,79639393,62,286436,1
28760,3375796,27006368,49586975,47,711182,2
64673,2026852,16214816,85778668,65,306552,3
49569,9478986,75831888,2445116,19,446746,4
2837,9172957,73383656,11602111,25,588477,5
19031,7301344,58410752,30358305,24,173399,6
16175,8418033,67344264,57212881,20,471129,7
29015,9914244,79313952,63448131,13,284836,8
48641,5978673,47829384,82029125,15,411796,9
47297,730596,5844768,81092598,26,426706,10
21850,4566315,36530520,12518103,31,322312,0
43891,6139354,49114832,24624288,19,440760,1
19728,4643852,37150816,14577109,35,60324,2
65331,3461084,27688672,6493000,63,780404,3
19106,807651,6461208,39076848,42,179464,4
11046,7260967,58087736,6827288,39,75345,5
41836,6473208,51785664,64042199,51,248182,6
16240,1197246,9577968,75988747,3,977583,7
28121,8420394,67363152,84939306,12,663431,8
10911,9090598,72724784,51242103,8,302867,9
61257,2505974,20047792,28512226,50,628897,10
21630,8907319,71258552,75607841,22,521758,0
58600,7608329,60866632,1512983,27,97091,1
36041,1123571,8988568,20412670,23,745657,2
36202,8531599,68252792,61766274,41,254664,3
30906,3681575,29452600,19263565,66,408912,4
41663,3412915,27303320,62715061,44,628534,5
14916,7121797,56974376,49853965,13,356383,6
18350,5469592,43756736,28682705,23,110563,7
55590,7885203,63081624,12635475,47,68611,8
64206,8218503,65748024,800813,16,181575,9
21927,7010908,56087264,6463858,27,516433,10
57776,6921678,55373424,85046214,48,233945,0
65406,3765933,30127464,54956697,42,751168,1
60283,740160,5921280,84421741,71,862634,2
34983,9811527,78492216,57948569,66,237786,3
28715,4099357,32794856,47773761,63,279665,4
11136,3825031,30600248,21490756,21,61138,5
15270,1808990,14471920,25100474,35,512053,6
2093,4846241,38769928,32395739,30,8790,7
28682,4839265,38714120,49549748,10,68980,8
62690,5135762,41086096,86397472,52,254015,9
35530,1728374,13826992,50153499,21,661274,10
20067,2282360,18258880,26004781,44,818605,0
53553,1764134,14113072,56027697,13,533407,1
5983,3819268,30554144,79697078,40,427151,2
41282,772,6176,38667055,8,802548,3
14056,6301879,50415032,1655554,49,212707,4
12871,5886436,47091488,40741173,70,12560,5
2143,9696160,77569280,41895274,3,652880,6
61692,8192635,65541080,54217192,7,275629,7
54210,6398861,51190888,78096054,53,850242,8
39861,9271320,74170560,78769423,25,959621,9
31479,9159891,73279128,11978937,66,408873,10
20289,5854202,46833616,8813240,20,915712,0
61855,3053582,24428656,5130091,62,695185,1
30469,1235147,9881176,44405027,70,492105,2
12755,1667986,13343888,6408659,8,31175,3
21935,5334288,42674304,83420906,66,639465,4
1994,1352004,10816032,53317911,43,496109,5
10256,68279,546232,51750905,70,516922,6
45747,3883823,31070584,52287778,63,520702,7
5012,1214119,9712952,5273469,9,929497,8
30410,8386705,67093640,64115414,25,678933,9
